TRAIN,gs://pushup-bucket-central/export_data-Pushups-2020-12-04T16:49:36.395805Z/files/cd28ac3a-181a-45d6-9262-53257a618209.jpg,down
TRAIN,gs://pushup-bucket-central/export_data-Pushups-2020-12-04T16:49:36.395805Z/files/ebc28d19-8722-4050-ac46-9d3d68c44f89.jpg,up
TRAIN,gs://pushup-bucket-central/export_data-Pushups-2020-12-04T16:49:36.395805Z/files/2c5bed3e-286d-48ae-8bba-74b0349fe0ce.jpg,down
TRAIN,gs://pushup-bucket-central/export_data-Pushups-2020-12-04T16:49:36.395805Z/files/14208e80-334b-4276-b689-7a9b929603e7.jpg,up
TRAIN,gs://pushup-bucket-central/export_data-Pushups-2020-12-04T16:49:36.395805Z/files/12861d4a-8e80-41ea-8610-76cdf0472f18.jpg,up
TRAIN,gs://pushup-bucket-central/export_data-Pushups-2020-12-04T16:49:36.395805Z/files/970b71b9-929e-4cf8-b498-d737d89033f3.jpg,up
TRAIN,gs://pushup-bucket-central/export_data-Pushups-2020-12-04T16:49:36.395805Z/files/301be562-d142-4298-a653-a1fab55bd8b3.jpg,up
TRAIN,gs://pushup-bucket-central/export_data-Pushups-2020-12-04T16:49:36.395805Z/files/538b5a57-43f9-4488-b0f5-fe1d3bfed4e1.jpg,down
TRAIN,gs://pushup-bucket-central/export_data-Pushups-2020-12-04T16:49:36.395805Z/files/1691abd4-03a0-4269-a567-e3434a760f69.jpg,down
TRAIN,gs://pushup-bucket-central/export_data-Pushups-2020-12-04T16:49:36.395805Z/files/b7a1a302-fc19-4b6a-b61b-a7113797585b.jpg,middle
TRAIN,gs://pushup-bucket-central/export_data-Pushups-2020-12-04T16:49:36.395805Z/files/de515290-062c-43fc-a494-3a485764aea2.jpg,middle
TRAIN,gs://pushup-bucket-central/export_data-Pushups-2020-12-04T16:49:36.395805Z/files/5845fb36-852a-4173-a83d-6d91a676b49f.jpg,down
TRAIN,gs://pushup-bucket-central/export_data-Pushups-2020-12-04T16:49:36.395805Z/files/a89843ca-7315-49eb-b3d3-28b4fdc96b5a.jpg,up
TRAIN,gs://pushup-bucket-central/export_data-Pushups-2020-12-04T16:49:36.395805Z/files/9335939b-ea2c-4311-a8e7-5f5bfad9dea6.jpg,middle
TRAIN,gs://pushup-bucket-central/export_data-Pushups-2020-12-04T16:49:36.395805Z/files/718bb512-bf39-4aa0-b1cb-ef8a67b4863f.jpg,middle
TRAIN,gs://pushup-bucket-central/export_data-Pushups-2020-12-04T16:49:36.395805Z/files/862b7e6c-8daa-46fb-85c7-cd4c58b43cd8.jpg,middle
TRAIN,gs://pushup-bucket-central/export_data-Pushups-2020-12-04T16:49:36.395805Z/files/fdb57aa8-888e-4520-95b2-33fa84e9ea22.jpg,up
TRAIN,gs://pushup-bucket-central/export_data-Pushups-2020-12-04T16:49:36.395805Z/files/5f66b180-7826-43f3-a1d9-d8ea9cc8af9c.jpg,middle
TRAIN,gs://pushup-bucket-central/export_data-Pushups-2020-12-04T16:49:36.395805Z/files/d791e338-b6ad-4ba5-9fb8-c29775f10fe9.jpg,middle
TRAIN,gs://pushup-bucket-central/export_data-Pushups-2020-12-04T16:49:36.395805Z/files/c959e0bf-1869-4a7b-8486-6fee12404503.jpg,up
TRAIN,gs://pushup-bucket-central/export_data-Pushups-2020-12-04T16:49:36.395805Z/files/8911e0e8-4b75-4185-96ac-4d0ff0bf106c.jpg,middle
TRAIN,gs://pushup-bucket-central/export_data-Pushups-2020-12-04T16:49:36.395805Z/files/4e8cdfde-5797-4d52-8ac1-2a52bbecba31.jpg,down
TRAIN,gs://pushup-bucket-central/export_data-Pushups-2020-12-04T16:49:36.395805Z/files/fb816243-603a-4450-a0a8-e33c5f48a3ea.jpg,middle
TRAIN,gs://pushup-bucket-central/export_data-Pushups-2020-12-04T16:49:36.395805Z/files/92860507-2e0d-4bf1-886c-dace9df48483.jpg,down
TRAIN,gs://pushup-bucket-central/export_data-Pushups-2020-12-04T16:49:36.395805Z/files/1ad42c69-bdfd-47c8-8f36-a65b7130d3b0.jpg,middle
TRAIN,gs://pushup-bucket-central/export_data-Pushups-2020-12-04T16:49:36.395805Z/files/fdad3e93-dd71-44ce-bfb5-41ee1800e8c3.jpg,middle
TRAIN,gs://pushup-bucket-central/export_data-Pushups-2020-12-04T16:49:36.395805Z/files/af6b25f4-fe75-4082-aee3-69d9da92839c.jpg,up
TRAIN,gs://pushup-bucket-central/export_data-Pushups-2020-12-04T16:49:36.395805Z/files/5de44c04-2122-447d-9403-a444e8202012.jpg,middle
TRAIN,gs://pushup-bucket-central/export_data-Pushups-2020-12-04T16:49:36.395805Z/files/d83667d3-2bd3-456a-936b-5802a44e68c9.jpg,up
TRAIN,gs://pushup-bucket-central/export_data-Pushups-2020-12-04T16:49:36.395805Z/files/3371805c-16c1-4200-a696-8d4228d2633c.jpg,middle
TRAIN,gs://pushup-bucket-central/export_data-Pushups-2020-12-04T16:49:36.395805Z/files/dbf948e0-c720-417b-b588-adb2ad645b54.jpg,down
TRAIN,gs://pushup-bucket-central/export_data-Pushups-2020-12-04T16:49:36.395805Z/files/7a806fea-50a1-4bc6-b7c9-54363cb929ed.jpg,down
TRAIN,gs://pushup-bucket-central/export_data-Pushups-2020-12-04T16:49:36.395805Z/files/f77cb9bb-661d-458b-82de-467fb4249879.jpg,up
TRAIN,gs://pushup-bucket-central/export_data-Pushups-2020-12-04T16:49:36.395805Z/files/3a1e9a81-bd34-4403-beb7-a8df20390ea5.jpg,middle
TRAIN,gs://pushup-bucket-central/export_data-Pushups-2020-12-04T16:49:36.395805Z/files/e991d47d-2602-49e6-a628-0c660e24ba0b.jpg,down
TRAIN,gs://pushup-bucket-central/export_data-Pushups-2020-12-04T16:49:36.395805Z/files/de7ef7de-787b-468c-9505-c442b1f1d304.jpg,middle
TRAIN,gs://pushup-bucket-central/export_data-Pushups-2020-12-04T16:49:36.395805Z/files/803ca0cf-1f3a-4718-9222-b14661c6f828.jpg,middle
TRAIN,gs://pushup-bucket-central/export_data-Pushups-2020-12-04T16:49:36.395805Z/files/94480d9c-4d31-4b2a-858a-43b3ca31f414.jpg,down
TRAIN,gs://pushup-bucket-central/export_data-Pushups-2020-12-04T16:49:36.395805Z/files/f8a74e4d-c631-42b0-bc72-4c095a9b0ac0.jpg,middle
TRAIN,gs://pushup-bucket-central/export_data-Pushups-2020-12-04T16:49:36.395805Z/files/f7e1cdb1-5dd0-4ff6-be9c-a86ad1bc17a6.jpg,down
TRAIN,gs://pushup-bucket-central/export_data-Pushups-2020-12-04T16:49:36.395805Z/files/90ec3c65-60cf-4b81-89f7-4c7d451bb9f0.jpg,middle
TRAIN,gs://pushup-bucket-central/export_data-Pushups-2020-12-04T16:49:36.395805Z/files/bd58cf49-b16b-4c75-8acf-937c967b11f6.jpg,middle
TRAIN,gs://pushup-bucket-central/export_data-Pushups-2020-12-04T16:49:36.395805Z/files/182aa6d4-439b-41f5-bb4f-02aa838fc00b.jpg,down
TRAIN,gs://pushup-bucket-central/export_data-Pushups-2020-12-04T16:49:36.395805Z/files/a1c8a012-c30b-43d6-ad7a-fea83f0cb886.jpg,middle
TRAIN,gs://pushup-bucket-central/export_data-Pushups-2020-12-04T16:49:36.395805Z/files/eb24add5-eae4-424f-8ace-d386d3bf4c91.jpg,up
TRAIN,gs://pushup-bucket-central/export_data-Pushups-2020-12-04T16:49:36.395805Z/files/8b910741-27b9-4bf5-8480-cfe4c8187d4c.jpg,down
TRAIN,gs://pushup-bucket-central/export_data-Pushups-2020-12-04T16:49:36.395805Z/files/4b87ac58-6aee-46dc-b523-55604fc7801c.jpg,middle
TRAIN,gs://pushup-bucket-central/export_data-Pushups-2020-12-04T16:49:36.395805Z/files/aeb53e14-4a8a-415d-952c-4cb0dec0578f.jpg,up
TRAIN,gs://pushup-bucket-central/export_data-Pushups-2020-12-04T16:49:36.395805Z/files/717adcc4-763c-4801-ac43-e5bbcb14d134.jpg,middle
TRAIN,gs://pushup-bucket-central/export_data-Pushups-2020-12-04T16:49:36.395805Z/files/4aa2103b-3860-455a-bc6d-e0c625079ab7.jpg,middle
TRAIN,gs://pushup-bucket-central/export_data-Pushups-2020-12-04T16:49:36.395805Z/files/0504c86a-d644-44d6-abaf-11a105517d88.jpg,down
TRAIN,gs://pushup-bucket-central/export_data-Pushups-2020-12-04T16:49:36.395805Z/files/3dbac04e-63f4-4d1b-897c-25f1f12de651.jpg,up
TRAIN,gs://pushup-bucket-central/export_data-Pushups-2020-12-04T16:49:36.395805Z/files/c0049463-999c-4e69-bb02-9f37f5a9df4d.jpg,middle
TRAIN,gs://pushup-bucket-central/export_data-Pushups-2020-12-04T16:49:36.395805Z/files/5c100b40-965c-4774-8fa5-0819275d62e9.jpg,down
TRAIN,gs://pushup-bucket-central/export_data-Pushups-2020-12-04T16:49:36.395805Z/files/0824c77d-16bc-4361-9416-6d45b8061b9b.jpg,up
TRAIN,gs://pushup-bucket-central/export_data-Pushups-2020-12-04T16:49:36.395805Z/files/c48b54e7-eea5-4ef8-a5f1-9640be4a624f.jpg,middle
TRAIN,gs://pushup-bucket-central/export_data-Pushups-2020-12-04T16:49:36.395805Z/files/7f503012-0890-4c52-9e35-01edd1063bd0.jpg,middle
TRAIN,gs://pushup-bucket-central/export_data-Pushups-2020-12-04T16:49:36.395805Z/files/4f31c3dc-7f31-48c1-bc16-a700ace42bc2.jpg,middle
TRAIN,gs://pushup-bucket-central/export_data-Pushups-2020-12-04T16:49:36.395805Z/files/66877ee5-08a1-4131-8763-96884344d047.jpg,down
TRAIN,gs://pushup-bucket-central/export_data-Pushups-2020-12-04T16:49:36.395805Z/files/39d0e033-99da-448d-a257-1b6c825da35d.jpg,up
TRAIN,gs://pushup-bucket-central/export_data-Pushups-2020-12-04T16:49:36.395805Z/files/dc7c6abe-5165-4e8b-8032-5e8e042d1281.jpg,middle
TRAIN,gs://pushup-bucket-central/export_data-Pushups-2020-12-04T16:49:36.395805Z/files/6cc0669c-0c2d-4fff-ae30-5055805c1690.jpg,middle
TRAIN,gs://pushup-bucket-central/export_data-Pushups-2020-12-04T16:49:36.395805Z/files/d2599d19-6fff-4ff7-ac3c-96c1c6315535.jpg,middle
TRAIN,gs://pushup-bucket-central/export_data-Pushups-2020-12-04T16:49:36.395805Z/files/48a364a6-997d-42ef-b2e2-d4883dc6a9e7.jpg,middle
TRAIN,gs://pushup-bucket-central/export_data-Pushups-2020-12-04T16:49:36.395805Z/files/7a85ad44-b397-49a4-b5a7-89944eb97614.jpg,middle
TRAIN,gs://pushup-bucket-central/export_data-Pushups-2020-12-04T16:49:36.395805Z/files/1fcca0b5-b77a-4f88-9c4e-2b636e7cda02.jpg,up
TRAIN,gs://pushup-bucket-central/export_data-Pushups-2020-12-04T16:49:36.395805Z/files/349a9ee9-768d-41fa-81d2-8077ef2248bf.jpg,middle
TRAIN,gs://pushup-bucket-central/export_data-Pushups-2020-12-04T16:49:36.395805Z/files/f6fc428e-de48-4d30-abab-0063eae13eee.jpg,middle
TRAIN,gs://pushup-bucket-central/export_data-Pushups-2020-12-04T16:49:36.395805Z/files/e46d5d82-1813-4a2c-9be3-427ec57f29bb.jpg,middle
TRAIN,gs://pushup-bucket-central/export_data-Pushups-2020-12-04T16:49:36.395805Z/files/c745759d-aa8f-41eb-b7fa-fa67c5fd40fd.jpg,middle
TRAIN,gs://pushup-bucket-central/export_data-Pushups-2020-12-04T16:49:36.395805Z/files/9ec29c75-3025-4c24-b4d7-b714aecf7172.jpg,down
TRAIN,gs://pushup-bucket-central/export_data-Pushups-2020-12-04T16:49:36.395805Z/files/eed3ac56-95f8-4558-ae0e-0715c62aafff.jpg,down
TRAIN,gs://pushup-bucket-central/export_data-Pushups-2020-12-04T16:49:36.395805Z/files/45c11889-c8c9-4781-ae24-92a17668f064.jpg,up
TRAIN,gs://pushup-bucket-central/export_data-Pushups-2020-12-04T16:49:36.395805Z/files/72c41e8d-24f6-46c9-a764-0065dc6f7167.jpg,up
TRAIN,gs://pushup-bucket-central/export_data-Pushups-2020-12-04T16:49:36.395805Z/files/04fb2bac-5c9a-4321-a499-350b10959562.jpg,up
TRAIN,gs://pushup-bucket-central/export_data-Pushups-2020-12-04T16:49:36.395805Z/files/0e996ab2-33ab-4faa-98fb-a0cd0faac0b9.jpg,middle
TRAIN,gs://pushup-bucket-central/export_data-Pushups-2020-12-04T16:49:36.395805Z/files/a4dec39e-c9a8-4128-9ad7-1d0fc4b9ca45.jpg,up
TRAIN,gs://pushup-bucket-central/export_data-Pushups-2020-12-04T16:49:36.395805Z/files/31e9b699-c6e0-4c24-a9c7-84ebc7bea733.jpg,middle
TRAIN,gs://pushup-bucket-central/export_data-Pushups-2020-12-04T16:49:36.395805Z/files/2a1a3039-5912-41f6-9b4f-e3269d4670f2.jpg,up
TRAIN,gs://pushup-bucket-central/export_data-Pushups-2020-12-04T16:49:36.395805Z/files/76f1095c-d475-46fd-b170-ad30ceafa197.jpg,down
TRAIN,gs://pushup-bucket-central/export_data-Pushups-2020-12-04T16:49:36.395805Z/files/5216f381-7766-4450-93a4-dd473a8a1008.jpg,middle
TRAIN,gs://pushup-bucket-central/export_data-Pushups-2020-12-04T16:49:36.395805Z/files/476195d9-4c25-48e3-a7b4-985d2a719486.jpg,middle
TRAIN,gs://pushup-bucket-central/export_data-Pushups-2020-12-04T16:49:36.395805Z/files/6d493a48-0a8e-49ac-86a9-eae9ac827ad1.jpg,middle
TRAIN,gs://pushup-bucket-central/export_data-Pushups-2020-12-04T16:49:36.395805Z/files/aeb886f7-ab29-4f8f-817f-b019dcdcf6a7.jpg,down
TRAIN,gs://pushup-bucket-central/export_data-Pushups-2020-12-04T16:49:36.395805Z/files/a63f0365-e641-4432-b37f-dfec10ae7c0f.jpg,middle
TRAIN,gs://pushup-bucket-central/export_data-Pushups-2020-12-04T16:49:36.395805Z/files/e6dce71e-e0a0-440a-bb2e-2428839ffdb7.jpg,middle
TRAIN,gs://pushup-bucket-central/export_data-Pushups-2020-12-04T16:49:36.395805Z/files/09901cc2-2b2d-40e1-b277-2d7a2c0a8f8c.jpg,down
TRAIN,gs://pushup-bucket-central/export_data-Pushups-2020-12-04T16:49:36.395805Z/files/baca53da-9b8f-45eb-973c-26ffa8c20afa.jpg,up
TRAIN,gs://pushup-bucket-central/export_data-Pushups-2020-12-04T16:49:36.395805Z/files/7a3704bd-2d83-4dd4-b6bc-66a651c49a1c.jpg,middle
TRAIN,gs://pushup-bucket-central/export_data-Pushups-2020-12-04T16:49:36.395805Z/files/4f830cda-79de-4095-b537-8eb2821fef32.jpg,up
TRAIN,gs://pushup-bucket-central/export_data-Pushups-2020-12-04T16:49:36.395805Z/files/5d354124-65f8-4d0e-8019-ba9149099a2c.jpg,up
TRAIN,gs://pushup-bucket-central/export_data-Pushups-2020-12-04T16:49:36.395805Z/files/a19f32c4-ab4c-4b53-8656-5fd65d5c8cde.jpg,middle
TRAIN,gs://pushup-bucket-central/export_data-Pushups-2020-12-04T16:49:36.395805Z/files/ce115302-5b9c-48d9-9d01-7bbbe4f52d6b.jpg,up
TRAIN,gs://pushup-bucket-central/export_data-Pushups-2020-12-04T16:49:36.395805Z/files/53571357-1774-40c2-b314-7c6d880d411c.jpg,down
TRAIN,gs://pushup-bucket-central/export_data-Pushups-2020-12-04T16:49:36.395805Z/files/3bc11546-4505-4b1d-a431-d676c0097a68.jpg,down
TRAIN,gs://pushup-bucket-central/export_data-Pushups-2020-12-04T16:49:36.395805Z/files/e8fc0799-d0e6-4311-a47d-9bc660ca67cd.jpg,up
TRAIN,gs://pushup-bucket-central/export_data-Pushups-2020-12-04T16:49:36.395805Z/files/6b7cfb52-076e-4afa-9aea-78361957bd07.jpg,down
TRAIN,gs://pushup-bucket-central/export_data-Pushups-2020-12-04T16:49:36.395805Z/files/7352a35f-fcb5-4091-971d-1806d0939731.jpg,middle
TRAIN,gs://pushup-bucket-central/export_data-Pushups-2020-12-04T16:49:36.395805Z/files/6c69c1ab-8f13-4e67-b901-e44d50ce856a.jpg,up
TRAIN,gs://pushup-bucket-central/export_data-Pushups-2020-12-04T16:49:36.395805Z/files/1602ab71-bd5b-4a14-8a7f-ffe70f392ff2.jpg,down
TRAIN,gs://pushup-bucket-central/export_data-Pushups-2020-12-04T16:49:36.395805Z/files/a692a9f9-f7fa-4606-9ca4-bf9e343ed7e1.jpg,up
TRAIN,gs://pushup-bucket-central/export_data-Pushups-2020-12-04T16:49:36.395805Z/files/fde8f068-4715-4727-9e81-3780a9b72710.jpg,middle
TRAIN,gs://pushup-bucket-central/export_data-Pushups-2020-12-04T16:49:36.395805Z/files/7d016f1c-8eac-40f2-9716-f7acb646a098.jpg,up
TRAIN,gs://pushup-bucket-central/export_data-Pushups-2020-12-04T16:49:36.395805Z/files/9dbcd4c5-077e-4740-8b94-b8ce4f1d7576.jpg,down
TRAIN,gs://pushup-bucket-central/export_data-Pushups-2020-12-04T16:49:36.395805Z/files/dd5bbf59-3e70-4978-9386-99beae51c289.jpg,up
TRAIN,gs://pushup-bucket-central/export_data-Pushups-2020-12-04T16:49:36.395805Z/files/1d6eb9ca-3072-4709-9e9f-cc86f74590c4.jpg,up
TRAIN,gs://pushup-bucket-central/export_data-Pushups-2020-12-04T16:49:36.395805Z/files/e3953ace-f276-4706-b018-54b4d152e91f.jpg,down
TRAIN,gs://pushup-bucket-central/export_data-Pushups-2020-12-04T16:49:36.395805Z/files/7710959e-e071-4e72-aa5e-37d837814882.jpg,middle
TRAIN,gs://pushup-bucket-central/export_data-Pushups-2020-12-04T16:49:36.395805Z/files/38f06f20-f16d-4ca9-a5c5-acb97c1c4e37.jpg,middle
TRAIN,gs://pushup-bucket-central/export_data-Pushups-2020-12-04T16:49:36.395805Z/files/1f14085d-a049-4067-b6ea-14e53fe8018a.jpg,middle
TRAIN,gs://pushup-bucket-central/export_data-Pushups-2020-12-04T16:49:36.395805Z/files/d86b93d8-54eb-4f07-b9d4-f92381fb3e39.jpg,up
TRAIN,gs://pushup-bucket-central/export_data-Pushups-2020-12-04T16:49:36.395805Z/files/85f0bc98-1061-4fc9-a03c-598a70155a76.jpg,up
TRAIN,gs://pushup-bucket-central/export_data-Pushups-2020-12-04T16:49:36.395805Z/files/2b97a47b-d55e-4ed6-8083-61c329795be2.jpg,down
TRAIN,gs://pushup-bucket-central/export_data-Pushups-2020-12-04T16:49:36.395805Z/files/cb31922d-a123-4c33-9106-22142afd902b.jpg,middle
TRAIN,gs://pushup-bucket-central/export_data-Pushups-2020-12-04T16:49:36.395805Z/files/e058c3af-8c79-4d18-8758-86f330362d9a.jpg,middle
TRAIN,gs://pushup-bucket-central/export_data-Pushups-2020-12-04T16:49:36.395805Z/files/4cd4796f-5b25-4802-ba4d-2d4be99bc261.jpg,down
TRAIN,gs://pushup-bucket-central/export_data-Pushups-2020-12-04T16:49:36.395805Z/files/90dbbab3-97f6-451b-9bed-42d3ab15fe04.jpg,middle
TRAIN,gs://pushup-bucket-central/export_data-Pushups-2020-12-04T16:49:36.395805Z/files/6e1b82ce-abbb-42bd-83d4-dd9473bbc6a2.jpg,middle
TRAIN,gs://pushup-bucket-central/export_data-Pushups-2020-12-04T16:49:36.395805Z/files/9b00a1ae-fbdb-4421-9def-0d24f1150a46.jpg,up
TRAIN,gs://pushup-bucket-central/export_data-Pushups-2020-12-04T16:49:36.395805Z/files/c3cfbf15-decd-4fe9-8452-7abaf4d3160d.jpg,up
TRAIN,gs://pushup-bucket-central/export_data-Pushups-2020-12-04T16:49:36.395805Z/files/6ae088cd-9d3e-4538-9c50-6122457c7c0c.jpg,up
TRAIN,gs://pushup-bucket-central/export_data-Pushups-2020-12-04T16:49:36.395805Z/files/55b4ed6c-4cd7-4450-bcdf-76d98b05456b.jpg,middle
TRAIN,gs://pushup-bucket-central/export_data-Pushups-2020-12-04T16:49:36.395805Z/files/64448185-718b-4d83-b6a7-748d51bea677.jpg,up
TRAIN,gs://pushup-bucket-central/export_data-Pushups-2020-12-04T16:49:36.395805Z/files/2778fbec-846e-4914-b8dc-edaa17cd84d7.jpg,middle
TRAIN,gs://pushup-bucket-central/export_data-Pushups-2020-12-04T16:49:36.395805Z/files/cb27cf10-485c-41c3-9bb8-1f1a6bc11526.jpg,middle
TRAIN,gs://pushup-bucket-central/export_data-Pushups-2020-12-04T16:49:36.395805Z/files/6066fbbc-41af-4c2c-a22d-94593ae1321c.jpg,up
TRAIN,gs://pushup-bucket-central/export_data-Pushups-2020-12-04T16:49:36.395805Z/files/a09ba167-8ad1-4cf0-9211-aafb760ee21a.jpg,down
TRAIN,gs://pushup-bucket-central/export_data-Pushups-2020-12-04T16:49:36.395805Z/files/154d5e19-c000-4bf5-814e-191be8370a3f.jpg,middle
TRAIN,gs://pushup-bucket-central/export_data-Pushups-2020-12-04T16:49:36.395805Z/files/782a46a3-42b1-410f-bf79-b5068fcbb8b7.jpg,down
TRAIN,gs://pushup-bucket-central/export_data-Pushups-2020-12-04T16:49:36.395805Z/files/0dedd26e-7cc7-4751-ab8b-01c873518c67.jpg,down
TRAIN,gs://pushup-bucket-central/export_data-Pushups-2020-12-04T16:49:36.395805Z/files/cd90d4d6-eb7d-4fd4-9289-75ab76162b70.jpg,down
TRAIN,gs://pushup-bucket-central/export_data-Pushups-2020-12-04T16:49:36.395805Z/files/17423ad7-e9fb-486f-9874-fa5810e51d36.jpg,middle
TRAIN,gs://pushup-bucket-central/export_data-Pushups-2020-12-04T16:49:36.395805Z/files/f6d8433e-eb31-4bd7-9a15-00331dddd6cf.jpg,up
TRAIN,gs://pushup-bucket-central/export_data-Pushups-2020-12-04T16:49:36.395805Z/files/c1a8bd69-7494-4c83-a098-7733b585a25c.jpg,down
TRAIN,gs://pushup-bucket-central/export_data-Pushups-2020-12-04T16:49:36.395805Z/files/472f5074-ee46-409a-9a31-024ee00c3668.jpg,down
TRAIN,gs://pushup-bucket-central/export_data-Pushups-2020-12-04T16:49:36.395805Z/files/1153274d-f330-4ed5-a547-276850ee5553.jpg,up
TRAIN,gs://pushup-bucket-central/export_data-Pushups-2020-12-04T16:49:36.395805Z/files/1f4bf27a-0c39-4dd8-a7aa-2d91b6a8e618.jpg,middle
TRAIN,gs://pushup-bucket-central/export_data-Pushups-2020-12-04T16:49:36.395805Z/files/a082ecd4-e09c-4b45-a78e-b1436a299ca9.jpg,down
TRAIN,gs://pushup-bucket-central/export_data-Pushups-2020-12-04T16:49:36.395805Z/files/a53fbc6a-073a-4f29-8799-f7642a446abc.jpg,down
TRAIN,gs://pushup-bucket-central/export_data-Pushups-2020-12-04T16:49:36.395805Z/files/387879f2-e02b-4f05-b08d-95dd543e8941.jpg,middle
TRAIN,gs://pushup-bucket-central/export_data-Pushups-2020-12-04T16:49:36.395805Z/files/7e937325-29a1-436f-b3b2-fc8173aec81e.jpg,middle
TRAIN,gs://pushup-bucket-central/export_data-Pushups-2020-12-04T16:49:36.395805Z/files/2398bb58-4606-4e53-99f3-1efb8d6758a5.jpg,down
TRAIN,gs://pushup-bucket-central/export_data-Pushups-2020-12-04T16:49:36.395805Z/files/be436208-fc8f-40b5-9cc0-a3f9a70bde64.jpg,middle
TRAIN,gs://pushup-bucket-central/export_data-Pushups-2020-12-04T16:49:36.395805Z/files/2e49da7f-b2df-4a9a-bed7-83bf0a33cf1c.jpg,middle
TRAIN,gs://pushup-bucket-central/export_data-Pushups-2020-12-04T16:49:36.395805Z/files/923e22c1-d3c7-424f-9bac-54a7843d7976.jpg,up
TRAIN,gs://pushup-bucket-central/export_data-Pushups-2020-12-04T16:49:36.395805Z/files/0b638a73-949a-4cf8-89c4-90ee03e906e4.jpg,middle
TRAIN,gs://pushup-bucket-central/export_data-Pushups-2020-12-04T16:49:36.395805Z/files/b21b0642-4d12-4766-b596-3d6e0a84b39f.jpg,down
TRAIN,gs://pushup-bucket-central/export_data-Pushups-2020-12-04T16:49:36.395805Z/files/b3dd55f0-7300-47fe-a5a8-34ba3e807765.jpg,middle
TRAIN,gs://pushup-bucket-central/export_data-Pushups-2020-12-04T16:49:36.395805Z/files/a563be84-8fa2-49a9-8e04-befedfc8cdd2.jpg,middle
TRAIN,gs://pushup-bucket-central/export_data-Pushups-2020-12-04T16:49:36.395805Z/files/e04a3afa-0730-4543-b1ee-3705ba60bf06.jpg,middle
TRAIN,gs://pushup-bucket-central/export_data-Pushups-2020-12-04T16:49:36.395805Z/files/2565ab6c-bdf4-4f01-a752-c65dc6002947.jpg,down
TRAIN,gs://pushup-bucket-central/export_data-Pushups-2020-12-04T16:49:36.395805Z/files/bc2dd10a-a92d-42a5-a0f9-cbdbafe8a98c.jpg,middle
TRAIN,gs://pushup-bucket-central/export_data-Pushups-2020-12-04T16:49:36.395805Z/files/dc19d7ce-ee5c-44d2-94e4-e823457f5b54.jpg,up
TRAIN,gs://pushup-bucket-central/export_data-Pushups-2020-12-04T16:49:36.395805Z/files/d3001c8e-b698-460b-8081-51110c7031df.jpg,middle
TRAIN,gs://pushup-bucket-central/export_data-Pushups-2020-12-04T16:49:36.395805Z/files/682dc8b2-8c17-424c-9a0a-c61e32c20027.jpg,up
TRAIN,gs://pushup-bucket-central/export_data-Pushups-2020-12-04T16:49:36.395805Z/files/056e3ec7-401c-40f7-acb2-4f2327e03863.jpg,down
TRAIN,gs://pushup-bucket-central/export_data-Pushups-2020-12-04T16:49:36.395805Z/files/5413d080-a177-42fe-9b3d-76a847e2830c.jpg,middle
TRAIN,gs://pushup-bucket-central/export_data-Pushups-2020-12-04T16:49:36.395805Z/files/9418e1dc-148b-4452-8f67-73f65a88fa5e.jpg,up
TRAIN,gs://pushup-bucket-central/export_data-Pushups-2020-12-04T16:49:36.395805Z/files/4522883e-5d72-4c62-8293-f450745c0fe4.jpg,middle
TRAIN,gs://pushup-bucket-central/export_data-Pushups-2020-12-04T16:49:36.395805Z/files/c043899a-70da-46c5-94e4-f72a39e1e33e.jpg,up
TRAIN,gs://pushup-bucket-central/export_data-Pushups-2020-12-04T16:49:36.395805Z/files/b6395cba-56eb-43e4-b72e-a7dedb64d510.jpg,down
TRAIN,gs://pushup-bucket-central/export_data-Pushups-2020-12-04T16:49:36.395805Z/files/08a53d52-0aff-468e-851d-29dc771e5807.jpg,down
TRAIN,gs://pushup-bucket-central/export_data-Pushups-2020-12-04T16:49:36.395805Z/files/0140f073-2b42-477a-9e26-649f87a49b07.jpg,down
TRAIN,gs://pushup-bucket-central/export_data-Pushups-2020-12-04T16:49:36.395805Z/files/a340f614-4168-4c5b-9f84-91b77c0ad2eb.jpg,up
TRAIN,gs://pushup-bucket-central/export_data-Pushups-2020-12-04T16:49:36.395805Z/files/67ebe5ae-00f8-482b-a78e-dd3317da6219.jpg,middle
TRAIN,gs://pushup-bucket-central/export_data-Pushups-2020-12-04T16:49:36.395805Z/files/d2bdee5b-ac54-4094-a9e9-97547b6f6917.jpg,up
TRAIN,gs://pushup-bucket-central/export_data-Pushups-2020-12-04T16:49:36.395805Z/files/64f0c339-ce55-49e4-acbd-320f1f1b6633.jpg,down
TRAIN,gs://pushup-bucket-central/export_data-Pushups-2020-12-04T16:49:36.395805Z/files/8651061d-b6a6-4689-aabd-85ec6cfcc3f9.jpg,up
TRAIN,gs://pushup-bucket-central/export_data-Pushups-2020-12-04T16:49:36.395805Z/files/3b61ae8f-9838-4933-b512-5fd9bb8bba2c.jpg,down
TRAIN,gs://pushup-bucket-central/export_data-Pushups-2020-12-04T16:49:36.395805Z/files/8b73c17d-59f8-440d-81fd-02896ca48af3.jpg,down
TRAIN,gs://pushup-bucket-central/export_data-Pushups-2020-12-04T16:49:36.395805Z/files/bc68f1e2-4dde-4572-a107-5c7546f84575.jpg,down
TRAIN,gs://pushup-bucket-central/export_data-Pushups-2020-12-04T16:49:36.395805Z/files/a22b6d39-ce1c-48ed-b9c3-529c82eeeda3.jpg,up
TRAIN,gs://pushup-bucket-central/export_data-Pushups-2020-12-04T16:49:36.395805Z/files/3f9f3bfa-6a73-4ab2-b25e-8e519f5f6567.jpg,up
TRAIN,gs://pushup-bucket-central/export_data-Pushups-2020-12-04T16:49:36.395805Z/files/191bde29-9856-482a-941c-6d4661c2c5f3.jpg,down
TRAIN,gs://pushup-bucket-central/export_data-Pushups-2020-12-04T16:49:36.395805Z/files/275fe140-93b7-47bd-86ee-6148e16249fd.jpg,middle
TRAIN,gs://pushup-bucket-central/export_data-Pushups-2020-12-04T16:49:36.395805Z/files/3c70ee5f-a25a-4873-b083-d128fd0ee576.jpg,down
TRAIN,gs://pushup-bucket-central/export_data-Pushups-2020-12-04T16:49:36.395805Z/files/09c9ce08-3353-4ecf-923b-f0387842216a.jpg,up
TRAIN,gs://pushup-bucket-central/export_data-Pushups-2020-12-04T16:49:36.395805Z/files/46d9a1e6-28ed-41cd-9c60-b06d7972cb62.jpg,down
TRAIN,gs://pushup-bucket-central/export_data-Pushups-2020-12-04T16:49:36.395805Z/files/c6f185ce-8134-4548-b570-4b80d34e00bc.jpg,down
TRAIN,gs://pushup-bucket-central/export_data-Pushups-2020-12-04T16:49:36.395805Z/files/e2276ca5-525a-48ec-bdf6-81de39bcd036.jpg,down
TRAIN,gs://pushup-bucket-central/export_data-Pushups-2020-12-04T16:49:36.395805Z/files/9febbf18-b096-4f14-8583-95f3cef53aaf.jpg,up
TRAIN,gs://pushup-bucket-central/export_data-Pushups-2020-12-04T16:49:36.395805Z/files/402b2ede-c2ec-42e7-ae9a-426d905bc819.jpg,middle
TRAIN,gs://pushup-bucket-central/export_data-Pushups-2020-12-04T16:49:36.395805Z/files/c72021cd-40dd-41b4-bb84-5868dd5adafe.jpg,down
TRAIN,gs://pushup-bucket-central/export_data-Pushups-2020-12-04T16:49:36.395805Z/files/a4228fee-1e48-4fea-8209-49fe4a98b24f.jpg,up
TRAIN,gs://pushup-bucket-central/export_data-Pushups-2020-12-04T16:49:36.395805Z/files/8965bb60-2e5f-433d-834a-f7ae8916ff06.jpg,up
TRAIN,gs://pushup-bucket-central/export_data-Pushups-2020-12-04T16:49:36.395805Z/files/56de406e-d506-4344-bc29-b6e8c145ae58.jpg,down
TRAIN,gs://pushup-bucket-central/export_data-Pushups-2020-12-04T16:49:36.395805Z/files/87dee622-75cb-47d0-9f19-b28ecd3af115.jpg,down
TRAIN,gs://pushup-bucket-central/export_data-Pushups-2020-12-04T16:49:36.395805Z/files/41c6f709-90e9-445a-8252-2cfb1ab36585.jpg,down
TRAIN,gs://pushup-bucket-central/export_data-Pushups-2020-12-04T16:49:36.395805Z/files/8da7b56b-2c1a-4ef9-934a-b3f635507352.jpg,up
TRAIN,gs://pushup-bucket-central/export_data-Pushups-2020-12-04T16:49:36.395805Z/files/5e382df0-3498-4bda-abd8-8e5406fcd09c.jpg,middle
TRAIN,gs://pushup-bucket-central/export_data-Pushups-2020-12-04T16:49:36.395805Z/files/77796d45-f89a-43dc-bd67-12c9dd22db75.jpg,up
TRAIN,gs://pushup-bucket-central/export_data-Pushups-2020-12-04T16:49:36.395805Z/files/fe1f4e86-d29d-46bf-b85b-ef8c666d2c05.jpg,down
TRAIN,gs://pushup-bucket-central/export_data-Pushups-2020-12-04T16:49:36.395805Z/files/5a0076d2-c4c9-437a-a0fc-4142b9ae71d3.jpg,down
TRAIN,gs://pushup-bucket-central/export_data-Pushups-2020-12-04T16:49:36.395805Z/files/6ce2d67c-dfd1-4936-94fc-321e970f3344.jpg,up
TRAIN,gs://pushup-bucket-central/export_data-Pushups-2020-12-04T16:49:36.395805Z/files/206eaa3e-4db0-4556-95c5-18f308fa7d81.jpg,up
TRAIN,gs://pushup-bucket-central/export_data-Pushups-2020-12-04T16:49:36.395805Z/files/33a70652-faa2-45ae-a24c-7ce068b0a68c.jpg,up
TRAIN,gs://pushup-bucket-central/export_data-Pushups-2020-12-04T16:49:36.395805Z/files/9b28cf0c-b391-4e47-9c5e-cbcc6b218724.jpg,middle
TRAIN,gs://pushup-bucket-central/export_data-Pushups-2020-12-04T16:49:36.395805Z/files/15e8565d-11f6-4f8b-b996-be56da024b4a.jpg,up
TRAIN,gs://pushup-bucket-central/export_data-Pushups-2020-12-04T16:49:36.395805Z/files/92bc6c21-7bfe-4479-b1af-ac0016a4f11e.jpg,up
TRAIN,gs://pushup-bucket-central/export_data-Pushups-2020-12-04T16:49:36.395805Z/files/630c4fd4-d540-4348-a8b0-2c315cf1866e.jpg,middle
TRAIN,gs://pushup-bucket-central/export_data-Pushups-2020-12-04T16:49:36.395805Z/files/57d9fe73-4526-4eb3-b54a-f6ab04021457.jpg,up
TRAIN,gs://pushup-bucket-central/export_data-Pushups-2020-12-04T16:49:36.395805Z/files/86502aa1-5f06-4209-a65a-6aed735cda95.jpg,middle
TRAIN,gs://pushup-bucket-central/export_data-Pushups-2020-12-04T16:49:36.395805Z/files/30037664-0be6-4ea6-aacf-56cc1ff1191b.jpg,up
TRAIN,gs://pushup-bucket-central/export_data-Pushups-2020-12-04T16:49:36.395805Z/files/a2fb5b8d-697a-47e3-aa5b-0f1b322f8ef2.jpg,down
TRAIN,gs://pushup-bucket-central/export_data-Pushups-2020-12-04T16:49:36.395805Z/files/83e4281f-0d8b-41e8-b914-30b17d8c30a1.jpg,middle
TRAIN,gs://pushup-bucket-central/export_data-Pushups-2020-12-04T16:49:36.395805Z/files/20d5e854-6a4d-46aa-9dff-dcff5bf96944.jpg,middle
TRAIN,gs://pushup-bucket-central/export_data-Pushups-2020-12-04T16:49:36.395805Z/files/521e149f-e452-43e4-90d5-4b20eb6e8693.jpg,up
TRAIN,gs://pushup-bucket-central/export_data-Pushups-2020-12-04T16:49:36.395805Z/files/deb82777-4009-45a5-a1bb-6f3884a000a8.jpg,up
TRAIN,gs://pushup-bucket-central/export_data-Pushups-2020-12-04T16:49:36.395805Z/files/395d89d3-24f6-4355-b325-7dc00010fcd8.jpg,middle
TRAIN,gs://pushup-bucket-central/export_data-Pushups-2020-12-04T16:49:36.395805Z/files/82ecacc0-bc4f-4edf-b89d-321f205b78f1.jpg,middle
TRAIN,gs://pushup-bucket-central/export_data-Pushups-2020-12-04T16:49:36.395805Z/files/71b27d15-3341-4359-b921-9801b4f6aa57.jpg,up
TRAIN,gs://pushup-bucket-central/export_data-Pushups-2020-12-04T16:49:36.395805Z/files/e2cf19a2-9bde-4134-808d-732b0bc50015.jpg,up
TRAIN,gs://pushup-bucket-central/export_data-Pushups-2020-12-04T16:49:36.395805Z/files/bee9c584-b9a4-4fb5-80ee-c3ebcc408989.jpg,up
TRAIN,gs://pushup-bucket-central/export_data-Pushups-2020-12-04T16:49:36.395805Z/files/1ec1f74d-3588-499c-9973-d292e5d3671d.jpg,up
TRAIN,gs://pushup-bucket-central/export_data-Pushups-2020-12-04T16:49:36.395805Z/files/01bae12a-d478-4ea1-887f-dfabda7a0ecb.jpg,middle
TRAIN,gs://pushup-bucket-central/export_data-Pushups-2020-12-04T16:49:36.395805Z/files/f748668c-8796-4199-aad4-461dc8aa30de.jpg,down
TRAIN,gs://pushup-bucket-central/export_data-Pushups-2020-12-04T16:49:36.395805Z/files/62b916af-0d57-4c30-b5d7-4a9fb244c33d.jpg,down
TRAIN,gs://pushup-bucket-central/export_data-Pushups-2020-12-04T16:49:36.395805Z/files/8f03d0d0-8fc1-4f3a-aee9-2ad7790f00d3.jpg,up
TRAIN,gs://pushup-bucket-central/export_data-Pushups-2020-12-04T16:49:36.395805Z/files/479700fc-6478-4b71-bb32-a7f0f107d7aa.jpg,down
TRAIN,gs://pushup-bucket-central/export_data-Pushups-2020-12-04T16:49:36.395805Z/files/f539bbb1-909c-4043-9018-4702c5a84ff0.jpg,up
TRAIN,gs://pushup-bucket-central/export_data-Pushups-2020-12-04T16:49:36.395805Z/files/cfa7ec2e-0875-41db-851c-62a75ac7ef46.jpg,down
TRAIN,gs://pushup-bucket-central/export_data-Pushups-2020-12-04T16:49:36.395805Z/files/27990717-2679-42e2-8689-63d07dcc23ef.jpg,middle
TRAIN,gs://pushup-bucket-central/export_data-Pushups-2020-12-04T16:49:36.395805Z/files/fd17112e-4cc0-4704-9587-ff65be431225.jpg,up
TRAIN,gs://pushup-bucket-central/export_data-Pushups-2020-12-04T16:49:36.395805Z/files/508cc723-9797-41e0-b272-f2a2378c6cce.jpg,down
TRAIN,gs://pushup-bucket-central/export_data-Pushups-2020-12-04T16:49:36.395805Z/files/5887fdd6-ac67-4d21-9e38-fb1ac555018f.jpg,middle
TRAIN,gs://pushup-bucket-central/export_data-Pushups-2020-12-04T16:49:36.395805Z/files/8900ead1-1a03-4526-a4a7-6dfcfcbbee65.jpg,up
TRAIN,gs://pushup-bucket-central/export_data-Pushups-2020-12-04T16:49:36.395805Z/files/c287871a-dcaf-48ef-9948-e78ae43776a5.jpg,middle
TRAIN,gs://pushup-bucket-central/export_data-Pushups-2020-12-04T16:49:36.395805Z/files/3af08077-4366-4f82-9ffc-ae3c03629393.jpg,middle
TRAIN,gs://pushup-bucket-central/export_data-Pushups-2020-12-04T16:49:36.395805Z/files/44ebb5d8-3718-423f-8a83-85af02ce663c.jpg,middle
TRAIN,gs://pushup-bucket-central/export_data-Pushups-2020-12-04T16:49:36.395805Z/files/d4cf9c52-dd35-4a74-8999-7bd0db363d83.jpg,middle
TRAIN,gs://pushup-bucket-central/export_data-Pushups-2020-12-04T16:49:36.395805Z/files/077fc769-96c1-4b9a-ab6f-3dae7fa400b8.jpg,up
TRAIN,gs://pushup-bucket-central/export_data-Pushups-2020-12-04T16:49:36.395805Z/files/1472c5f4-8f26-4654-be7a-e352ac2969bb.jpg,up
TRAIN,gs://pushup-bucket-central/export_data-Pushups-2020-12-04T16:49:36.395805Z/files/00db51f0-5b6a-4e36-9ede-aa04e80bb321.jpg,down
TRAIN,gs://pushup-bucket-central/export_data-Pushups-2020-12-04T16:49:36.395805Z/files/8926d100-4fff-4b92-aa66-9d47bac1cc34.jpg,up
TRAIN,gs://pushup-bucket-central/export_data-Pushups-2020-12-04T16:49:36.395805Z/files/42e7a150-d257-4bf1-8ae0-cccd80df72e9.jpg,down
TRAIN,gs://pushup-bucket-central/export_data-Pushups-2020-12-04T16:49:36.395805Z/files/38defa17-e209-4d32-b013-e4bcfa60e89d.jpg,up
TRAIN,gs://pushup-bucket-central/export_data-Pushups-2020-12-04T16:49:36.395805Z/files/804cd840-07b5-4d72-945e-3aea6f1462c0.jpg,up
TRAIN,gs://pushup-bucket-central/export_data-Pushups-2020-12-04T16:49:36.395805Z/files/77b30314-f0db-4251-84ba-d3714a017355.jpg,down
TRAIN,gs://pushup-bucket-central/export_data-Pushups-2020-12-04T16:49:36.395805Z/files/fc2020fa-e31e-4207-8c76-ffa79613ccb1.jpg,up
TRAIN,gs://pushup-bucket-central/export_data-Pushups-2020-12-04T16:49:36.395805Z/files/4f9727b5-38a3-48ff-ab82-86aee572ba91.jpg,up
TRAIN,gs://pushup-bucket-central/export_data-Pushups-2020-12-04T16:49:36.395805Z/files/40e78fd5-45a2-4592-858e-81d0e4587865.jpg,up
TRAIN,gs://pushup-bucket-central/export_data-Pushups-2020-12-04T16:49:36.395805Z/files/8ff6dc51-b25e-4540-a167-fa4c451ca7b9.jpg,middle
TRAIN,gs://pushup-bucket-central/export_data-Pushups-2020-12-04T16:49:36.395805Z/files/db05de44-ab9a-40de-829c-9ae7cdd5ade2.jpg,down
TRAIN,gs://pushup-bucket-central/export_data-Pushups-2020-12-04T16:49:36.395805Z/files/6f17b120-67f1-4680-b284-30ff9412bbcd.jpg,up
TRAIN,gs://pushup-bucket-central/export_data-Pushups-2020-12-04T16:49:36.395805Z/files/ac85c71f-f1ff-4221-be9b-efa25f6166bf.jpg,down
TRAIN,gs://pushup-bucket-central/export_data-Pushups-2020-12-04T16:49:36.395805Z/files/7544f3c1-6893-4371-a95b-f9775ef7dbf3.jpg,down
TRAIN,gs://pushup-bucket-central/export_data-Pushups-2020-12-04T16:49:36.395805Z/files/7a858c24-bd50-48c2-8c08-5f7fd17efbad.jpg,up
TRAIN,gs://pushup-bucket-central/export_data-Pushups-2020-12-04T16:49:36.395805Z/files/7e971908-4f86-45c3-ae79-1606bb3ef8ca.jpg,down
TRAIN,gs://pushup-bucket-central/export_data-Pushups-2020-12-04T16:49:36.395805Z/files/19234b45-65ad-458b-9111-d19a893d69de.jpg,down
TRAIN,gs://pushup-bucket-central/export_data-Pushups-2020-12-04T16:49:36.395805Z/files/349b0818-e4e5-43d1-96d5-ef20fb615db1.jpg,up
TRAIN,gs://pushup-bucket-central/export_data-Pushups-2020-12-04T16:49:36.395805Z/files/ec4e17e8-a161-4c9e-a158-814f31b5ea0c.jpg,down
TRAIN,gs://pushup-bucket-central/export_data-Pushups-2020-12-04T16:49:36.395805Z/files/f63e5b30-63b5-41dd-8fea-bf9fdaeb9862.jpg,down
TRAIN,gs://pushup-bucket-central/export_data-Pushups-2020-12-04T16:49:36.395805Z/files/60323158-3cbc-4ea6-b668-40e9eb89c432.jpg,middle
TRAIN,gs://pushup-bucket-central/export_data-Pushups-2020-12-04T16:49:36.395805Z/files/5ba8057b-d6c9-4b23-948f-e6fff27cefe9.jpg,middle
TRAIN,gs://pushup-bucket-central/export_data-Pushups-2020-12-04T16:49:36.395805Z/files/55a9a340-1eb3-4948-b524-decbfbc6ed31.jpg,down
TRAIN,gs://pushup-bucket-central/export_data-Pushups-2020-12-04T16:49:36.395805Z/files/93f28a01-d585-4837-8b3b-a12aa8ae9763.jpg,middle
TRAIN,gs://pushup-bucket-central/export_data-Pushups-2020-12-04T16:49:36.395805Z/files/cf4ff946-f986-490f-8b6c-2d47b20a2ddc.jpg,up
TRAIN,gs://pushup-bucket-central/export_data-Pushups-2020-12-04T16:49:36.395805Z/files/c71d4e43-0736-4419-a74d-08f568d434c4.jpg,up
TRAIN,gs://pushup-bucket-central/export_data-Pushups-2020-12-04T16:49:36.395805Z/files/301d9f97-b8a2-427b-b87b-098332f0c3fc.jpg,middle
TRAIN,gs://pushup-bucket-central/export_data-Pushups-2020-12-04T16:49:36.395805Z/files/ec6c2ab9-2226-4037-a69d-79c8b45ee745.jpg,middle
TRAIN,gs://pushup-bucket-central/export_data-Pushups-2020-12-04T16:49:36.395805Z/files/3f97fc18-dc4e-4e5b-b2d7-ea51a97f5344.jpg,up
TRAIN,gs://pushup-bucket-central/export_data-Pushups-2020-12-04T16:49:36.395805Z/files/e5a38b9e-5473-4fe7-ac0e-fef260f105b0.jpg,up
TRAIN,gs://pushup-bucket-central/export_data-Pushups-2020-12-04T16:49:36.395805Z/files/34996e42-a57b-4583-bb4b-40381b248789.jpg,down
TRAIN,gs://pushup-bucket-central/export_data-Pushups-2020-12-04T16:49:36.395805Z/files/42cfbc58-cb7e-47b0-a505-9485542dcd5e.jpg,down
TRAIN,gs://pushup-bucket-central/export_data-Pushups-2020-12-04T16:49:36.395805Z/files/23fd5d78-9c76-43ec-9782-38e8d7260318.jpg,up
TRAIN,gs://pushup-bucket-central/export_data-Pushups-2020-12-04T16:49:36.395805Z/files/3355c919-fd9c-40be-8a64-946f2f770e2c.jpg,middle
TRAIN,gs://pushup-bucket-central/export_data-Pushups-2020-12-04T16:49:36.395805Z/files/ff217dc5-8647-436d-be2d-87a137b03880.jpg,down
TRAIN,gs://pushup-bucket-central/export_data-Pushups-2020-12-04T16:49:36.395805Z/files/6d119720-a381-4954-b6ee-7ed8aa6bfb91.jpg,down
TRAIN,gs://pushup-bucket-central/export_data-Pushups-2020-12-04T16:49:36.395805Z/files/095a6270-136f-42fb-a1de-0b1e528968ae.jpg,middle
TRAIN,gs://pushup-bucket-central/export_data-Pushups-2020-12-04T16:49:36.395805Z/files/62a4e7eb-f360-4164-9043-c5c13af562d6.jpg,down
TRAIN,gs://pushup-bucket-central/export_data-Pushups-2020-12-04T16:49:36.395805Z/files/d35c5731-64bd-46df-a77f-4d42791f1bf9.jpg,up
TRAIN,gs://pushup-bucket-central/export_data-Pushups-2020-12-04T16:49:36.395805Z/files/a4e50816-bacf-44e5-b422-0bda4873e05d.jpg,up
TRAIN,gs://pushup-bucket-central/export_data-Pushups-2020-12-04T16:49:36.395805Z/files/fced2d30-ed94-431e-b805-148d3f4454bd.jpg,up
TRAIN,gs://pushup-bucket-central/export_data-Pushups-2020-12-04T16:49:36.395805Z/files/bc338e11-d468-40b0-ab2c-c12c63212e59.jpg,down
TRAIN,gs://pushup-bucket-central/export_data-Pushups-2020-12-04T16:49:36.395805Z/files/3a281499-7a39-47a6-ba7f-c147f0a2e137.jpg,up
TRAIN,gs://pushup-bucket-central/export_data-Pushups-2020-12-04T16:49:36.395805Z/files/2752b424-93a6-4b25-ab1f-0c50cfd800d8.jpg,up
TRAIN,gs://pushup-bucket-central/export_data-Pushups-2020-12-04T16:49:36.395805Z/files/6b6c0a7c-e86b-4c63-bf02-7db0958746c8.jpg,down
TRAIN,gs://pushup-bucket-central/export_data-Pushups-2020-12-04T16:49:36.395805Z/files/e1def391-df19-40ec-87be-ec1bc9f8ac92.jpg,down
TRAIN,gs://pushup-bucket-central/export_data-Pushups-2020-12-04T16:49:36.395805Z/files/b5eb3534-e18d-4bde-9e10-799ad981f810.jpg,middle
TRAIN,gs://pushup-bucket-central/export_data-Pushups-2020-12-04T16:49:36.395805Z/files/8a217d33-0fbe-4f78-8b01-8c9f843b108a.jpg,middle
TRAIN,gs://pushup-bucket-central/export_data-Pushups-2020-12-04T16:49:36.395805Z/files/df412435-242e-4f08-8030-a8ce51069055.jpg,middle
TRAIN,gs://pushup-bucket-central/export_data-Pushups-2020-12-04T16:49:36.395805Z/files/77377037-995f-401d-baf8-8a64c20d270a.jpg,down
TRAIN,gs://pushup-bucket-central/export_data-Pushups-2020-12-04T16:49:36.395805Z/files/66725941-b923-443f-b124-ae0d4164816a.jpg,down
TRAIN,gs://pushup-bucket-central/export_data-Pushups-2020-12-04T16:49:36.395805Z/files/c28df9e9-9e0c-43f3-b9e1-1447a87c65f4.jpg,down
TRAIN,gs://pushup-bucket-central/export_data-Pushups-2020-12-04T16:49:36.395805Z/files/946cffba-432b-4635-af00-e172e4898d9e.jpg,down
TRAIN,gs://pushup-bucket-central/export_data-Pushups-2020-12-04T16:49:36.395805Z/files/a62b28af-7b8f-4863-b538-628fd5b324fe.jpg,middle
TRAIN,gs://pushup-bucket-central/export_data-Pushups-2020-12-04T16:49:36.395805Z/files/1f3e78cc-695a-46a1-953f-ebe5d9b65d55.jpg,down
TRAIN,gs://pushup-bucket-central/export_data-Pushups-2020-12-04T16:49:36.395805Z/files/e44af595-87fa-47ec-9abe-6b672e959e06.jpg,down
TRAIN,gs://pushup-bucket-central/export_data-Pushups-2020-12-04T16:49:36.395805Z/files/8376e6fd-7f07-4685-936a-f3320961cf2b.jpg,down
TRAIN,gs://pushup-bucket-central/export_data-Pushups-2020-12-04T16:49:36.395805Z/files/29b2457f-7c97-4af4-853c-91629bfc5ed6.jpg,down
TRAIN,gs://pushup-bucket-central/export_data-Pushups-2020-12-04T16:49:36.395805Z/files/5a7ae3f0-3975-4214-9687-a0b094135b33.jpg,up
TRAIN,gs://pushup-bucket-central/export_data-Pushups-2020-12-04T16:49:36.395805Z/files/b51a6f3d-f262-417c-8a3b-fa93bae9951b.jpg,middle
TRAIN,gs://pushup-bucket-central/export_data-Pushups-2020-12-04T16:49:36.395805Z/files/720d0063-6dd7-4563-9841-99d862954368.jpg,up
TRAIN,gs://pushup-bucket-central/export_data-Pushups-2020-12-04T16:49:36.395805Z/files/32a5ac17-816d-46ea-baf8-ea5fe702f09d.jpg,down
TRAIN,gs://pushup-bucket-central/export_data-Pushups-2020-12-04T16:49:36.395805Z/files/840c56f6-7e5a-43a3-ac1b-2a4ffb366fd1.jpg,middle
TRAIN,gs://pushup-bucket-central/export_data-Pushups-2020-12-04T16:49:36.395805Z/files/0f49a5b4-52ee-4990-971a-ed0af13af756.jpg,middle
TRAIN,gs://pushup-bucket-central/export_data-Pushups-2020-12-04T16:49:36.395805Z/files/538e3f3a-4d4b-47ab-b249-6dea2cd294e5.jpg,up
TRAIN,gs://pushup-bucket-central/export_data-Pushups-2020-12-04T16:49:36.395805Z/files/3857e4d6-c65c-4124-8d84-ef554eecdff4.jpg,down
TRAIN,gs://pushup-bucket-central/export_data-Pushups-2020-12-04T16:49:36.395805Z/files/cdc99257-ddc9-402a-a435-189f3edcae59.jpg,middle
TRAIN,gs://pushup-bucket-central/export_data-Pushups-2020-12-04T16:49:36.395805Z/files/9d2cbdba-0408-4036-b054-6888c17bf4b5.jpg,up
TRAIN,gs://pushup-bucket-central/export_data-Pushups-2020-12-04T16:49:36.395805Z/files/31a3575a-9402-4430-b726-901370100c19.jpg,up
TRAIN,gs://pushup-bucket-central/export_data-Pushups-2020-12-04T16:49:36.395805Z/files/ba9f08cc-6170-4b36-9e49-5a8fdee7d8cd.jpg,middle
TRAIN,gs://pushup-bucket-central/export_data-Pushups-2020-12-04T16:49:36.395805Z/files/c17ebe73-46e2-446f-9186-3a4052b06fc3.jpg,middle
TRAIN,gs://pushup-bucket-central/export_data-Pushups-2020-12-04T16:49:36.395805Z/files/deaefd46-7a6a-42e7-a826-9f17f44ab0df.jpg,middle
TRAIN,gs://pushup-bucket-central/export_data-Pushups-2020-12-04T16:49:36.395805Z/files/f93598ea-68bf-42d4-9a55-04478b01b258.jpg,up
TRAIN,gs://pushup-bucket-central/export_data-Pushups-2020-12-04T16:49:36.395805Z/files/b87fcfbf-21dd-4b2a-83a8-50cc7e5d82dc.jpg,down
TRAIN,gs://pushup-bucket-central/export_data-Pushups-2020-12-04T16:49:36.395805Z/files/0950637c-ef18-4796-a7de-adb9f1224285.jpg,middle
TRAIN,gs://pushup-bucket-central/export_data-Pushups-2020-12-04T16:49:36.395805Z/files/e6e07a62-3efa-43a2-851e-e0552b9dee6f.jpg,up
TRAIN,gs://pushup-bucket-central/export_data-Pushups-2020-12-04T16:49:36.395805Z/files/786eda92-042e-41c1-9716-5790378f4643.jpg,up
TRAIN,gs://pushup-bucket-central/export_data-Pushups-2020-12-04T16:49:36.395805Z/files/835d9a5e-8120-46fb-bb0e-82efadd00fd2.jpg,down
TRAIN,gs://pushup-bucket-central/export_data-Pushups-2020-12-04T16:49:36.395805Z/files/7f58d1ad-fbbf-4d60-8419-4602b120d2ed.jpg,middle
TRAIN,gs://pushup-bucket-central/export_data-Pushups-2020-12-04T16:49:36.395805Z/files/bba5f5cc-53f5-4658-8cb5-8f8b80f606d3.jpg,middle
TRAIN,gs://pushup-bucket-central/export_data-Pushups-2020-12-04T16:49:36.395805Z/files/e99c3f56-0f70-4447-acf1-06eb3edebf8e.jpg,up
TRAIN,gs://pushup-bucket-central/export_data-Pushups-2020-12-04T16:49:36.395805Z/files/6897e055-242a-4f4d-94d9-c7a5b5915e77.jpg,middle
TRAIN,gs://pushup-bucket-central/export_data-Pushups-2020-12-04T16:49:36.395805Z/files/111a14a1-e9a2-4325-9acf-7ce820f0326a.jpg,down
TRAIN,gs://pushup-bucket-central/export_data-Pushups-2020-12-04T16:49:36.395805Z/files/c5f74147-e59f-47c5-8b4c-7713093db030.jpg,down
TRAIN,gs://pushup-bucket-central/export_data-Pushups-2020-12-04T16:49:36.395805Z/files/d47f6e7e-5f08-4c87-9532-f8e544b27ae8.jpg,down
TRAIN,gs://pushup-bucket-central/export_data-Pushups-2020-12-04T16:49:36.395805Z/files/6e28fb03-06cf-4dac-a944-2f502c729db5.jpg,middle
TRAIN,gs://pushup-bucket-central/export_data-Pushups-2020-12-04T16:49:36.395805Z/files/63169347-2c03-4d25-9194-0d1096a0eaac.jpg,middle
TRAIN,gs://pushup-bucket-central/export_data-Pushups-2020-12-04T16:49:36.395805Z/files/e6b9e77a-b6e8-4b32-96a7-a1e137cb12bf.jpg,down
TRAIN,gs://pushup-bucket-central/export_data-Pushups-2020-12-04T16:49:36.395805Z/files/f7088ae8-a39d-40db-bfdc-3067e6f62286.jpg,down
TRAIN,gs://pushup-bucket-central/export_data-Pushups-2020-12-04T16:49:36.395805Z/files/dbdf365b-7c0f-4914-951f-e7fb34246dd8.jpg,down
TRAIN,gs://pushup-bucket-central/export_data-Pushups-2020-12-04T16:49:36.395805Z/files/873010d2-5875-4aaf-85d1-0be55ef349a7.jpg,up
TRAIN,gs://pushup-bucket-central/export_data-Pushups-2020-12-04T16:49:36.395805Z/files/cfe2a583-e59c-4ad4-a629-a137ccf1eb20.jpg,down
TRAIN,gs://pushup-bucket-central/export_data-Pushups-2020-12-04T16:49:36.395805Z/files/f2a621a7-22a5-4959-8553-c48dd9dc5b0c.jpg,up
TRAIN,gs://pushup-bucket-central/export_data-Pushups-2020-12-04T16:49:36.395805Z/files/2869b041-194b-4b59-9c32-049309ab2582.jpg,middle
TRAIN,gs://pushup-bucket-central/export_data-Pushups-2020-12-04T16:49:36.395805Z/files/3f011455-7f62-4231-9d84-2b11efab185f.jpg,up
TRAIN,gs://pushup-bucket-central/export_data-Pushups-2020-12-04T16:49:36.395805Z/files/462d66c0-d71d-417a-bad7-b56a321dc015.jpg,middle
TRAIN,gs://pushup-bucket-central/export_data-Pushups-2020-12-04T16:49:36.395805Z/files/b46dbefc-a4ee-4f20-8bd9-f81828c0f9e5.jpg,middle
TRAIN,gs://pushup-bucket-central/export_data-Pushups-2020-12-04T16:49:36.395805Z/files/1508eb88-5c97-439b-b2c9-49aee1f4cf0c.jpg,down
TRAIN,gs://pushup-bucket-central/export_data-Pushups-2020-12-04T16:49:36.395805Z/files/dc17d475-4c38-4af7-bf0d-900208933fb8.jpg,up
TRAIN,gs://pushup-bucket-central/export_data-Pushups-2020-12-04T16:49:36.395805Z/files/f5ab343e-8bdd-4bf9-ac3c-4791e765f081.jpg,down
TRAIN,gs://pushup-bucket-central/export_data-Pushups-2020-12-04T16:49:36.395805Z/files/60f7f3a8-1a80-434f-b80a-dd769185ef95.jpg,up
TRAIN,gs://pushup-bucket-central/export_data-Pushups-2020-12-04T16:49:36.395805Z/files/ed86582d-c6d4-4024-9478-9002fbb1bcdd.jpg,middle
TRAIN,gs://pushup-bucket-central/export_data-Pushups-2020-12-04T16:49:36.395805Z/files/24ebb0dc-2c7c-4deb-b8f4-5ca0fc90f6e0.jpg,down
TRAIN,gs://pushup-bucket-central/export_data-Pushups-2020-12-04T16:49:36.395805Z/files/76782e3c-38cb-4838-aa4d-200a0b290b0c.jpg,up
TRAIN,gs://pushup-bucket-central/export_data-Pushups-2020-12-04T16:49:36.395805Z/files/81936771-9a73-4702-9e6f-b0bfefe810ae.jpg,down
TRAIN,gs://pushup-bucket-central/export_data-Pushups-2020-12-04T16:49:36.395805Z/files/86a1a5cc-051b-4d94-8e35-17fe2b4a426b.jpg,down
TRAIN,gs://pushup-bucket-central/export_data-Pushups-2020-12-04T16:49:36.395805Z/files/a007d54c-f8f0-4ef8-ba27-4954133e537d.jpg,middle
TRAIN,gs://pushup-bucket-central/export_data-Pushups-2020-12-04T16:49:36.395805Z/files/5af51527-70c3-49e5-9e4b-826be15d969f.jpg,down
TRAIN,gs://pushup-bucket-central/export_data-Pushups-2020-12-04T16:49:36.395805Z/files/f4b761d0-0194-467d-8568-8a31d86620c5.jpg,middle
TRAIN,gs://pushup-bucket-central/export_data-Pushups-2020-12-04T16:49:36.395805Z/files/07131143-815e-4c31-b7c7-7b1803b8c420.jpg,up
TRAIN,gs://pushup-bucket-central/export_data-Pushups-2020-12-04T16:49:36.395805Z/files/8a2d2fe5-0eed-41e4-b9a5-cb72ba873a9e.jpg,down
TRAIN,gs://pushup-bucket-central/export_data-Pushups-2020-12-04T16:49:36.395805Z/files/3416dc72-8cbf-476f-8fb6-456aaed22bfa.jpg,up
TRAIN,gs://pushup-bucket-central/export_data-Pushups-2020-12-04T16:49:36.395805Z/files/8a4b2396-69a9-41b0-84c0-2ee7037b9043.jpg,middle
TRAIN,gs://pushup-bucket-central/export_data-Pushups-2020-12-04T16:49:36.395805Z/files/e67ba23c-657a-449c-b53b-dade88192124.jpg,up
TRAIN,gs://pushup-bucket-central/export_data-Pushups-2020-12-04T16:49:36.395805Z/files/1dfb6d61-13d8-438f-9c96-d3692df72b51.jpg,down
TRAIN,gs://pushup-bucket-central/export_data-Pushups-2020-12-04T16:49:36.395805Z/files/1025f75a-24a3-4702-8a6f-4724a439afed.jpg,up
TRAIN,gs://pushup-bucket-central/export_data-Pushups-2020-12-04T16:49:36.395805Z/files/cf9674b7-0bf1-41b1-87a8-5c3a54c5e4e5.jpg,down
TRAIN,gs://pushup-bucket-central/export_data-Pushups-2020-12-04T16:49:36.395805Z/files/ba1aa60e-5c98-4aa0-a58f-c474d3dc26ad.jpg,up
TRAIN,gs://pushup-bucket-central/export_data-Pushups-2020-12-04T16:49:36.395805Z/files/fa10ca92-f4ab-45a0-be59-d9e9a3fcd024.jpg,up
TRAIN,gs://pushup-bucket-central/export_data-Pushups-2020-12-04T16:49:36.395805Z/files/686e2059-7dcb-409e-a51c-1a8c41f0aab0.jpg,middle
TRAIN,gs://pushup-bucket-central/export_data-Pushups-2020-12-04T16:49:36.395805Z/files/b2448bd3-0ae2-4f3e-bfec-bd1ba990b062.jpg,middle
TRAIN,gs://pushup-bucket-central/export_data-Pushups-2020-12-04T16:49:36.395805Z/files/375554c7-7458-496a-a943-45a72efb292a.jpg,up
TRAIN,gs://pushup-bucket-central/export_data-Pushups-2020-12-04T16:49:36.395805Z/files/bc647c5a-b658-43fa-b82e-8cdfd70a778f.jpg,up
TRAIN,gs://pushup-bucket-central/export_data-Pushups-2020-12-04T16:49:36.395805Z/files/ada86c94-eefc-46bc-9fba-b041cc2ef1f9.jpg,middle
TRAIN,gs://pushup-bucket-central/export_data-Pushups-2020-12-04T16:49:36.395805Z/files/2fe1b7be-f73b-437c-ae63-a0a8c01310d7.jpg,up
TRAIN,gs://pushup-bucket-central/export_data-Pushups-2020-12-04T16:49:36.395805Z/files/0ad7354f-67be-42fe-bab9-a21065e6f3f4.jpg,down
TRAIN,gs://pushup-bucket-central/export_data-Pushups-2020-12-04T16:49:36.395805Z/files/9724ba45-c3df-43f7-9913-7ae5b0ebd2bd.jpg,middle
TRAIN,gs://pushup-bucket-central/export_data-Pushups-2020-12-04T16:49:36.395805Z/files/c83e71dc-846b-4efb-8226-21022c0beada.jpg,up
TRAIN,gs://pushup-bucket-central/export_data-Pushups-2020-12-04T16:49:36.395805Z/files/7b1e2440-6801-4de0-9e2e-7f24b40b9344.jpg,down
TRAIN,gs://pushup-bucket-central/export_data-Pushups-2020-12-04T16:49:36.395805Z/files/d77a310f-2706-4e0d-8fb2-9617fdf91daf.jpg,middle
TRAIN,gs://pushup-bucket-central/export_data-Pushups-2020-12-04T16:49:36.395805Z/files/ebeeecda-26fd-4a6d-8391-1d924e1efef8.jpg,middle
TRAIN,gs://pushup-bucket-central/export_data-Pushups-2020-12-04T16:49:36.395805Z/files/676465f9-635a-4a1e-ae54-d42773b861a9.jpg,middle
TRAIN,gs://pushup-bucket-central/export_data-Pushups-2020-12-04T16:49:36.395805Z/files/878f8295-edfa-44e0-a97e-e67ef4e4f952.jpg,down
TRAIN,gs://pushup-bucket-central/export_data-Pushups-2020-12-04T16:49:36.395805Z/files/c2a62ffe-24fe-404f-91d4-9c6982b477c2.jpg,down
TRAIN,gs://pushup-bucket-central/export_data-Pushups-2020-12-04T16:49:36.395805Z/files/96117a2e-f3bc-413a-b488-e420e72605d5.jpg,down
TRAIN,gs://pushup-bucket-central/export_data-Pushups-2020-12-04T16:49:36.395805Z/files/d10c3c81-76a5-4974-8d8b-156037cbb721.jpg,down
TRAIN,gs://pushup-bucket-central/export_data-Pushups-2020-12-04T16:49:36.395805Z/files/f532db36-1a7f-4c6c-956f-b6503154d201.jpg,middle
VALIDATION,gs://pushup-bucket-central/export_data-Pushups-2020-12-04T16:49:36.395805Z/files/c975ab5b-0bb3-4b48-89fa-843d1666cff1.jpg,down
TRAIN,gs://pushup-bucket-central/export_data-Pushups-2020-12-04T16:49:36.395805Z/files/0c2de3d6-2750-4869-a40c-c16cdeeb7741.jpg,down
VALIDATION,gs://pushup-bucket-central/export_data-Pushups-2020-12-04T16:49:36.395805Z/files/461721a6-8910-4acf-8387-870707f6b3b7.jpg,middle
TRAIN,gs://pushup-bucket-central/export_data-Pushups-2020-12-04T16:49:36.395805Z/files/caf52d8e-da6a-4d8e-82dc-5f0ec169f9c1.jpg,down
VALIDATION,gs://pushup-bucket-central/export_data-Pushups-2020-12-04T16:49:36.395805Z/files/0009563e-f37e-4184-b912-9a6ebc10bbb2.jpg,middle
TRAIN,gs://pushup-bucket-central/export_data-Pushups-2020-12-04T16:49:36.395805Z/files/7894cf5a-9783-4545-a113-5132a0a07160.jpg,up
TRAIN,gs://pushup-bucket-central/export_data-Pushups-2020-12-04T16:49:36.395805Z/files/56f67e97-c49b-4ab8-902e-722b9301aa56.jpg,up
TRAIN,gs://pushup-bucket-central/export_data-Pushups-2020-12-04T16:49:36.395805Z/files/7bf1d4a9-d09e-4b17-99f9-b2041770fda7.jpg,middle
TRAIN,gs://pushup-bucket-central/export_data-Pushups-2020-12-04T16:49:36.395805Z/files/1442e235-c17c-48ee-870a-8aee0eab9503.jpg,up
TRAIN,gs://pushup-bucket-central/export_data-Pushups-2020-12-04T16:49:36.395805Z/files/a171e34a-2b36-4549-b48a-b0535dc759d1.jpg,down
TRAIN,gs://pushup-bucket-central/export_data-Pushups-2020-12-04T16:49:36.395805Z/files/1b067ed2-de2c-4901-b04b-98d9baca416f.jpg,middle
VALIDATION,gs://pushup-bucket-central/export_data-Pushups-2020-12-04T16:49:36.395805Z/files/b01e86ec-8faa-41d6-9afc-69c11918567f.jpg,up
VALIDATION,gs://pushup-bucket-central/export_data-Pushups-2020-12-04T16:49:36.395805Z/files/8bfe0143-f052-47e8-b8dc-2f92e0f144e2.jpg,middle
TRAIN,gs://pushup-bucket-central/export_data-Pushups-2020-12-04T16:49:36.395805Z/files/60af1f70-2ec3-452b-938b-fcc5030e96a3.jpg,up
TRAIN,gs://pushup-bucket-central/export_data-Pushups-2020-12-04T16:49:36.395805Z/files/343112c6-a50c-4257-a536-f0f4a39bbcd7.jpg,down
TRAIN,gs://pushup-bucket-central/export_data-Pushups-2020-12-04T16:49:36.395805Z/files/4f9c2d65-262d-4614-9234-41f59e5dd8ac.jpg,middle
TRAIN,gs://pushup-bucket-central/export_data-Pushups-2020-12-04T16:49:36.395805Z/files/a11ac8af-516f-4130-ab95-779ab42cd84c.jpg,down
TRAIN,gs://pushup-bucket-central/export_data-Pushups-2020-12-04T16:49:36.395805Z/files/8d65d773-d366-491e-8950-f4af7dfd51f9.jpg,down
TRAIN,gs://pushup-bucket-central/export_data-Pushups-2020-12-04T16:49:36.395805Z/files/942c10e7-dcd7-43ad-a0d5-0301682ca176.jpg,down
VALIDATION,gs://pushup-bucket-central/export_data-Pushups-2020-12-04T16:49:36.395805Z/files/a09258f6-b2cd-4dfb-b95f-27772f696863.jpg,down
VALIDATION,gs://pushup-bucket-central/export_data-Pushups-2020-12-04T16:49:36.395805Z/files/177b0167-a203-4280-92e7-cf2652754f0a.jpg,middle
TRAIN,gs://pushup-bucket-central/export_data-Pushups-2020-12-04T16:49:36.395805Z/files/3ebb4ee8-4a84-4ed2-83dd-28fabbe56abd.jpg,up
VALIDATION,gs://pushup-bucket-central/export_data-Pushups-2020-12-04T16:49:36.395805Z/files/f792a099-8767-4a0c-bee7-a0848119a8a9.jpg,down
VALIDATION,gs://pushup-bucket-central/export_data-Pushups-2020-12-04T16:49:36.395805Z/files/b023eacf-0fbb-4566-be8a-d91777f53117.jpg,up
VALIDATION,gs://pushup-bucket-central/export_data-Pushups-2020-12-04T16:49:36.395805Z/files/c99d7709-9fe8-4291-a2c4-785d9fffcd70.jpg,middle
TRAIN,gs://pushup-bucket-central/export_data-Pushups-2020-12-04T16:49:36.395805Z/files/f30a3e56-e4b1-4ddc-9a24-1f407f782ef9.jpg,up
VALIDATION,gs://pushup-bucket-central/export_data-Pushups-2020-12-04T16:49:36.395805Z/files/fd06ed8d-9543-4ecf-a174-338d40fa72ab.jpg,middle
TRAIN,gs://pushup-bucket-central/export_data-Pushups-2020-12-04T16:49:36.395805Z/files/b6ad15c0-d74e-46b4-9177-978ab8a8d97c.jpg,down
VALIDATION,gs://pushup-bucket-central/export_data-Pushups-2020-12-04T16:49:36.395805Z/files/87fe33a9-0abf-409d-b007-dae47ccbb7e2.jpg,down
VALIDATION,gs://pushup-bucket-central/export_data-Pushups-2020-12-04T16:49:36.395805Z/files/46afde21-2291-4d82-9a09-a1eddc741bf0.jpg,down
VALIDATION,gs://pushup-bucket-central/export_data-Pushups-2020-12-04T16:49:36.395805Z/files/2c88faa0-d222-4b45-b8a8-530dcd515a41.jpg,middle
TRAIN,gs://pushup-bucket-central/export_data-Pushups-2020-12-04T16:49:36.395805Z/files/8530f374-10f5-41d3-beaf-0b08d6937d71.jpg,middle
VALIDATION,gs://pushup-bucket-central/export_data-Pushups-2020-12-04T16:49:36.395805Z/files/8c96ac19-b022-4a7a-8828-f7b1ff6a3f7f.jpg,down
TRAIN,gs://pushup-bucket-central/export_data-Pushups-2020-12-04T16:49:36.395805Z/files/32d76e42-1063-4dab-914b-bfe7b74e18d5.jpg,middle
VALIDATION,gs://pushup-bucket-central/export_data-Pushups-2020-12-04T16:49:36.395805Z/files/9f3f338c-6297-4000-bcc5-d7073ab2945e.jpg,down
TRAIN,gs://pushup-bucket-central/export_data-Pushups-2020-12-04T16:49:36.395805Z/files/1f0d5f47-3f29-4ec3-ba63-655cc41edd67.jpg,up
VALIDATION,gs://pushup-bucket-central/export_data-Pushups-2020-12-04T16:49:36.395805Z/files/27f600df-10dc-467d-a3e3-a9eed968449c.jpg,up
TRAIN,gs://pushup-bucket-central/export_data-Pushups-2020-12-04T16:49:36.395805Z/files/efd988f0-9b36-48ff-b8aa-074fc6e0f955.jpg,middle
VALIDATION,gs://pushup-bucket-central/export_data-Pushups-2020-12-04T16:49:36.395805Z/files/d8b43194-2157-4105-90bf-aa3ab25fb837.jpg,up
VALIDATION,gs://pushup-bucket-central/export_data-Pushups-2020-12-04T16:49:36.395805Z/files/b171e921-23da-43f7-ae82-3e690aeab5be.jpg,down
VALIDATION,gs://pushup-bucket-central/export_data-Pushups-2020-12-04T16:49:36.395805Z/files/7d0b81d9-26c0-4fec-ad64-14a07a65397f.jpg,up
TRAIN,gs://pushup-bucket-central/export_data-Pushups-2020-12-04T16:49:36.395805Z/files/b42878c7-5af4-4b8d-b7ce-fa292683f130.jpg,middle
VALIDATION,gs://pushup-bucket-central/export_data-Pushups-2020-12-04T16:49:36.395805Z/files/a2e320d1-a293-4750-bae2-ce07ba527790.jpg,up
VALIDATION,gs://pushup-bucket-central/export_data-Pushups-2020-12-04T16:49:36.395805Z/files/6a118a9c-4fd6-48f7-95c0-88a40a638458.jpg,down
VALIDATION,gs://pushup-bucket-central/export_data-Pushups-2020-12-04T16:49:36.395805Z/files/5f58fea2-1ee0-4910-954b-92a6b87051c3.jpg,middle
TRAIN,gs://pushup-bucket-central/export_data-Pushups-2020-12-04T16:49:36.395805Z/files/25e32759-908e-4415-ac70-9f982c5ddb5a.jpg,up
VALIDATION,gs://pushup-bucket-central/export_data-Pushups-2020-12-04T16:49:36.395805Z/files/b6e2d832-85ad-4cef-9cc0-e395d94365cb.jpg,middle
VALIDATION,gs://pushup-bucket-central/export_data-Pushups-2020-12-04T16:49:36.395805Z/files/610e2325-32b8-4dea-992d-bfb3b6ea0c13.jpg,up
VALIDATION,gs://pushup-bucket-central/export_data-Pushups-2020-12-04T16:49:36.395805Z/files/c89c588a-9c42-4254-91e7-957706db87fb.jpg,middle
VALIDATION,gs://pushup-bucket-central/export_data-Pushups-2020-12-04T16:49:36.395805Z/files/5ca04b05-b750-4adc-b80a-2820724b88c7.jpg,down
TEST,gs://pushup-bucket-central/export_data-Pushups-2020-12-04T16:49:36.395805Z/files/1d619f64-ccf0-41eb-b0b1-8c1da7a3d585.jpg,up
VALIDATION,gs://pushup-bucket-central/export_data-Pushups-2020-12-04T16:49:36.395805Z/files/83a9b2bd-862b-4512-8ae3-324e799648b7.jpg,down
VALIDATION,gs://pushup-bucket-central/export_data-Pushups-2020-12-04T16:49:36.395805Z/files/595249c6-ea07-47fe-b406-6ea856a6803a.jpg,up
TEST,gs://pushup-bucket-central/export_data-Pushups-2020-12-04T16:49:36.395805Z/files/6f01ec49-021e-4718-80f3-cca5b840305a.jpg,down
VALIDATION,gs://pushup-bucket-central/export_data-Pushups-2020-12-04T16:49:36.395805Z/files/c22fc025-5d2d-4012-b7c3-2f940dd8eb39.jpg,down
VALIDATION,gs://pushup-bucket-central/export_data-Pushups-2020-12-04T16:49:36.395805Z/files/080d3d16-c268-440d-a442-002e6c4620c1.jpg,up
VALIDATION,gs://pushup-bucket-central/export_data-Pushups-2020-12-04T16:49:36.395805Z/files/5d309e83-0e7f-4cd8-9b2d-9705efc25d52.jpg,down
VALIDATION,gs://pushup-bucket-central/export_data-Pushups-2020-12-04T16:49:36.395805Z/files/37e66dca-d3d0-4302-9698-a916fe7a12ef.jpg,middle
VALIDATION,gs://pushup-bucket-central/export_data-Pushups-2020-12-04T16:49:36.395805Z/files/3fa9d1bb-585c-4b81-8c19-bafdf1caff21.jpg,up
TEST,gs://pushup-bucket-central/export_data-Pushups-2020-12-04T16:49:36.395805Z/files/25729fa6-222f-41be-a2db-e2350bad62a8.jpg,middle
VALIDATION,gs://pushup-bucket-central/export_data-Pushups-2020-12-04T16:49:36.395805Z/files/d55643f2-4cd0-445a-b6c1-5005ae9b8d5d.jpg,down
VALIDATION,gs://pushup-bucket-central/export_data-Pushups-2020-12-04T16:49:36.395805Z/files/957de2ba-3cef-4376-bae9-33b0d4354ab9.jpg,middle
VALIDATION,gs://pushup-bucket-central/export_data-Pushups-2020-12-04T16:49:36.395805Z/files/f6bcec6f-e4f0-4509-ac5a-8a8b95c46251.jpg,middle
VALIDATION,gs://pushup-bucket-central/export_data-Pushups-2020-12-04T16:49:36.395805Z/files/6066436e-7607-4f66-bc09-bc7bd1dabff8.jpg,middle
TEST,gs://pushup-bucket-central/export_data-Pushups-2020-12-04T16:49:36.395805Z/files/0b9ee157-51dc-4443-92bb-0ec2b4088880.jpg,middle
VALIDATION,gs://pushup-bucket-central/export_data-Pushups-2020-12-04T16:49:36.395805Z/files/39fc539d-d459-4a17-a0fb-9018d75c3bbb.jpg,up
VALIDATION,gs://pushup-bucket-central/export_data-Pushups-2020-12-04T16:49:36.395805Z/files/345d7dac-e2d9-4987-8930-3d2dcb1f0d02.jpg,middle
VALIDATION,gs://pushup-bucket-central/export_data-Pushups-2020-12-04T16:49:36.395805Z/files/200a4dfb-f30c-4b76-b7f1-d0ca68143987.jpg,middle
VALIDATION,gs://pushup-bucket-central/export_data-Pushups-2020-12-04T16:49:36.395805Z/files/7ad1734a-8c88-4876-a0b8-0a54b4cd8de1.jpg,down
TEST,gs://pushup-bucket-central/export_data-Pushups-2020-12-04T16:49:36.395805Z/files/4aba0af7-0a4b-4931-999b-bbe2fa823f4a.jpg,up
VALIDATION,gs://pushup-bucket-central/export_data-Pushups-2020-12-04T16:49:36.395805Z/files/a8208df4-ff6f-47b3-a0ec-f4ae42b5d3b0.jpg,middle
TEST,gs://pushup-bucket-central/export_data-Pushups-2020-12-04T16:49:36.395805Z/files/de0f126f-0107-4d00-a842-3ba8566b2787.jpg,middle
VALIDATION,gs://pushup-bucket-central/export_data-Pushups-2020-12-04T16:49:36.395805Z/files/383bcb20-c478-42ec-a0d7-87afe0f335a4.jpg,middle
VALIDATION,gs://pushup-bucket-central/export_data-Pushups-2020-12-04T16:49:36.395805Z/files/45405596-16aa-44ff-ab6d-a688a571a0a1.jpg,up
TEST,gs://pushup-bucket-central/export_data-Pushups-2020-12-04T16:49:36.395805Z/files/e336f031-4d30-47e9-bb9e-5ba112a82319.jpg,up
TEST,gs://pushup-bucket-central/export_data-Pushups-2020-12-04T16:49:36.395805Z/files/2ee6510a-bbe8-4236-a88b-5738fa6f2dfe.jpg,middle
VALIDATION,gs://pushup-bucket-central/export_data-Pushups-2020-12-04T16:49:36.395805Z/files/1a71edaf-54d8-4965-9971-e58c349f2834.jpg,up
VALIDATION,gs://pushup-bucket-central/export_data-Pushups-2020-12-04T16:49:36.395805Z/files/4048b9ab-766b-4adf-9fad-217de62a1577.jpg,middle
TEST,gs://pushup-bucket-central/export_data-Pushups-2020-12-04T16:49:36.395805Z/files/20f427d4-c824-4530-bba7-6890d38df0a3.jpg,up
TEST,gs://pushup-bucket-central/export_data-Pushups-2020-12-04T16:49:36.395805Z/files/d9729e63-5557-4a2c-9c57-140478b35ab7.jpg,down
VALIDATION,gs://pushup-bucket-central/export_data-Pushups-2020-12-04T16:49:36.395805Z/files/8611a474-12da-4778-bdc7-f327cfe84b14.jpg,up
TEST,gs://pushup-bucket-central/export_data-Pushups-2020-12-04T16:49:36.395805Z/files/5a6dec53-c58f-4c44-8d58-de6eb963a156.jpg,down
VALIDATION,gs://pushup-bucket-central/export_data-Pushups-2020-12-04T16:49:36.395805Z/files/4744bf96-a83d-4b2d-bc7e-9e14d0e14442.jpg,up
TEST,gs://pushup-bucket-central/export_data-Pushups-2020-12-04T16:49:36.395805Z/files/3050abe3-4ab4-4312-a6c7-a3ef1ca33740.jpg,up
TEST,gs://pushup-bucket-central/export_data-Pushups-2020-12-04T16:49:36.395805Z/files/c65ef9e1-4057-4978-b112-c6aa49b07ae7.jpg,middle
TEST,gs://pushup-bucket-central/export_data-Pushups-2020-12-04T16:49:36.395805Z/files/21305b03-0ba8-4c09-b838-f39988f120b0.jpg,down
TEST,gs://pushup-bucket-central/export_data-Pushups-2020-12-04T16:49:36.395805Z/files/38f3c2be-921c-4f77-a6c7-91f4a39ad443.jpg,down
TEST,gs://pushup-bucket-central/export_data-Pushups-2020-12-04T16:49:36.395805Z/files/65e44ebc-59c0-4a94-9fae-c46eb2eb51b1.jpg,middle
TEST,gs://pushup-bucket-central/export_data-Pushups-2020-12-04T16:49:36.395805Z/files/c6692296-d297-43ad-a17d-287d182cd1e0.jpg,down
TEST,gs://pushup-bucket-central/export_data-Pushups-2020-12-04T16:49:36.395805Z/files/580c0adc-d904-4f38-9663-7ccd3a9907e6.jpg,middle
TEST,gs://pushup-bucket-central/export_data-Pushups-2020-12-04T16:49:36.395805Z/files/7f512124-484b-464a-8d9d-7beab6f2bc5b.jpg,down
TEST,gs://pushup-bucket-central/export_data-Pushups-2020-12-04T16:49:36.395805Z/files/507a95d8-ba66-4581-bc01-eb6035130c69.jpg,up
TEST,gs://pushup-bucket-central/export_data-Pushups-2020-12-04T16:49:36.395805Z/files/23c2708c-329d-4672-af38-09a5851209d3.jpg,middle
TEST,gs://pushup-bucket-central/export_data-Pushups-2020-12-04T16:49:36.395805Z/files/35e0041c-48a9-4fc9-926e-c2e8c5a50708.jpg,up
TEST,gs://pushup-bucket-central/export_data-Pushups-2020-12-04T16:49:36.395805Z/files/7d52a670-89b2-4fd3-9be5-af68cb1f3aae.jpg,middle
TEST,gs://pushup-bucket-central/export_data-Pushups-2020-12-04T16:49:36.395805Z/files/35350e6a-8c74-4993-b71e-f741ef33befa.jpg,up
TEST,gs://pushup-bucket-central/export_data-Pushups-2020-12-04T16:49:36.395805Z/files/93dcafd5-f738-4ac3-93d4-b7c5e2e504cb.jpg,middle
TEST,gs://pushup-bucket-central/export_data-Pushups-2020-12-04T16:49:36.395805Z/files/8e32e7ed-2d00-4c8f-afbd-9bd2ea135db0.jpg,down
TEST,gs://pushup-bucket-central/export_data-Pushups-2020-12-04T16:49:36.395805Z/files/5511e6b2-723f-4643-8cd0-d6d4abffda97.jpg,up
TEST,gs://pushup-bucket-central/export_data-Pushups-2020-12-04T16:49:36.395805Z/files/6c5b1842-5a7a-456c-8720-74e26dd6dba4.jpg,up
TEST,gs://pushup-bucket-central/export_data-Pushups-2020-12-04T16:49:36.395805Z/files/510054f5-21f6-4d23-8cc2-1a547ac6b03f.jpg,middle
TEST,gs://pushup-bucket-central/export_data-Pushups-2020-12-04T16:49:36.395805Z/files/dfa1ff94-fc8b-48f8-a367-a7f1a19a5b2a.jpg,down
TEST,gs://pushup-bucket-central/export_data-Pushups-2020-12-04T16:49:36.395805Z/files/9298c784-a0f0-401e-b69b-4febcf71f289.jpg,middle
TEST,gs://pushup-bucket-central/export_data-Pushups-2020-12-04T16:49:36.395805Z/files/4ac1a431-c1a2-42e6-9baf-4a47770a4883.jpg,middle
TEST,gs://pushup-bucket-central/export_data-Pushups-2020-12-04T16:49:36.395805Z/files/8cfe41b9-b2e9-4e1f-b90b-c586b98116c0.jpg,middle
TEST,gs://pushup-bucket-central/export_data-Pushups-2020-12-04T16:49:36.395805Z/files/d8ec8b4c-f7c6-4c2d-9974-8947a0bc68fa.jpg,middle
TEST,gs://pushup-bucket-central/export_data-Pushups-2020-12-04T16:49:36.395805Z/files/d3825e5a-facc-4c93-aac9-16a37778173f.jpg,down
TEST,gs://pushup-bucket-central/export_data-Pushups-2020-12-04T16:49:36.395805Z/files/67175cf4-ca1a-4466-b3da-316b0820611a.jpg,up
TEST,gs://pushup-bucket-central/export_data-Pushups-2020-12-04T16:49:36.395805Z/files/eb8e5523-745d-4068-8d88-23d7e5d8b565.jpg,middle
TEST,gs://pushup-bucket-central/export_data-Pushups-2020-12-04T16:49:36.395805Z/files/eafbfc04-785b-4811-a784-3e590a9678fe.jpg,up
TEST,gs://pushup-bucket-central/export_data-Pushups-2020-12-04T16:49:36.395805Z/files/e429e3db-0441-48bf-afdd-bbf78e3a0504.jpg,middle
TEST,gs://pushup-bucket-central/export_data-Pushups-2020-12-04T16:49:36.395805Z/files/997e499e-07a7-4d5f-89e5-44d1a17a272c.jpg,down
TEST,gs://pushup-bucket-central/export_data-Pushups-2020-12-04T16:49:36.395805Z/files/73772b93-b0e5-4692-a83f-34954b0a9124.jpg,down
TEST,gs://pushup-bucket-central/export_data-Pushups-2020-12-04T16:49:36.395805Z/files/f597d2a6-ebca-475c-a9f9-ce021dfd765c.jpg,down
TEST,gs://pushup-bucket-central/export_data-Pushups-2020-12-04T16:49:36.395805Z/files/aea4716f-31da-4013-bc9d-0632b6920b99.jpg,up
TEST,gs://pushup-bucket-central/export_data-Pushups-2020-12-04T16:49:36.395805Z/files/bed5179c-eb26-431a-8e4e-3ac55cb8bf83.jpg,up
TEST,gs://pushup-bucket-central/export_data-Pushups-2020-12-04T16:49:36.395805Z/files/81ec0951-21fd-4502-a187-efd11723310e.jpg,middle
TEST,gs://pushup-bucket-central/export_data-Pushups-2020-12-04T16:49:36.395805Z/files/563908c3-fc98-474c-bf64-dba86c8da348.jpg,middle
TEST,gs://pushup-bucket-central/export_data-Pushups-2020-12-04T16:49:36.395805Z/files/d300eb9b-ebb8-4e02-acc8-65a4dd984866.jpg,down
TEST,gs://pushup-bucket-central/export_data-Pushups-2020-12-04T16:49:36.395805Z/files/184b3f51-6892-40a0-8ce6-273bd9bfc3c9.jpg,down
TEST,gs://pushup-bucket-central/export_data-Pushups-2020-12-04T16:49:36.395805Z/files/c6f342b2-88a5-4a0d-bd81-3b1e06cd86bb.jpg,up
